seed,policy,decision_cost,false_accept,false_reject,investigations,probe_calls,event_recall,event_precision,brier
0,baseline,232.0,24,2,0,0,0.5294117647058824,0.9310344827586207,
0,binary_naive,231.0,27,2,0,0,0.47058823529411764,0.9230769230769231,0.17079513677778682
0,binary,276.0,39,1,0,0,0.23529411764705882,0.9230769230769231,0.1357508308017755
0,state_direct,201.0,17,3,0,0,0.6666666666666666,0.918918918918919,0.1357508308017755
0,random_acquire,146.0,7,2,120,120,0.8627450980392157,0.9565217391304348,0.07420209824584888
0,always_acquire,99.00000000000003,2,3,120,120,0.9607843137254902,0.9423076923076923,0.039362544845983144
0,eig_one_step,89.00000000000003,1,1,120,120,0.9803921568627451,0.9803921568627451,0.020842611056450546
0,voi_one_step,84.60000000000001,2,3,84,84,0.9607843137254902,0.9423076923076923,0.037005901780314314
0,active,79.00000000000001,2,1,84,85,0.9607843137254902,0.98,0.023580405611776763
1,baseline,229.0,25,2,0,0,0.5098039215686274,0.9285714285714286,
1,binary_naive,239.0,29,2,0,0,0.43137254901960786,0.9166666666666666,0.1728330159928962
1,binary,263.0,37,1,0,0,0.27450980392156865,0.9333333333333333,0.13557762654205663
1,state_direct,197.0,16,3,0,0,0.6862745098039216,0.9210526315789473,0.13557762654205663
1,random_acquire,171.99999999999994,9,2,120,120,0.8235294117647058,0.9545454545454546,0.08347393440706494
1,always_acquire,89.00000000000003,1,1,120,120,0.9803921568627451,0.9803921568627451,0.018839205630827527
1,eig_one_step,86.00000000000003,1,0,120,120,0.9803921568627451,1.0,0.013821951737533787
1,voi_one_step,77.20000000000002,1,2,83,83,0.9803921568627451,0.9615384615384616,0.02503422072102968
1,active,75.00000000000001,1,1,84,85,0.9803921568627451,0.9803921568627451,0.01859470450316213
2,baseline,239.0,25,3,0,0,0.5098039215686274,0.896551724137931,
2,binary_naive,243.0,30,2,0,0,0.4117647058823529,0.9130434782608695,0.18210734560611813
2,binary,273.0,37,2,0,0,0.27450980392156865,0.875,0.15631215001257628
2,state_direct,207.0,17,5,0,0,0.6666666666666666,0.8717948717948718,0.15631215001257628
2,random_acquire,194.99999999999997,11,5,120,120,0.7843137254901961,0.8888888888888888,0.11485660584876817
2,always_acquire,104.00000000000003,1,4,120,120,0.9803921568627451,0.9259259259259259,0.03074503534687301
2,eig_one_step,89.00000000000003,1,1,120,120,0.9803921568627451,0.9803921568627451,0.021033215960197478
2,voi_one_step,94.60000000000001,3,3,84,84,0.9411764705882353,0.9411764705882353,0.04318576911992902
2,active,95.0,3,3,84,85,0.9411764705882353,0.9411764705882353,0.04293027972575248
3,baseline,236.0,26,3,0,0,0.49019607843137253,0.8928571428571429,
3,binary_naive,249.0,32,2,0,0,0.37254901960784315,0.9047619047619048,0.1881693504817476
3,binary,273.0,38,1,0,0,0.2549019607843137,0.9285714285714286,0.15414774928804856
3,state_direct,208.0,18,4,0,0,0.6470588235294118,0.8918918918918919,0.15414774928804856
3,random_acquire,173.0,10,3,120,120,0.803921568627451,0.9318181818181818,0.09669985683903344
3,always_acquire,102.00000000000003,2,4,120,120,0.9607843137254902,0.9245283018867925,0.04432736670733493
3,eig_one_step,90.00000000000003,2,0,120,120,0.9607843137254902,1.0,0.016278604550619143
3,voi_one_step,106.8,4,4,82,82,0.9215686274509803,0.9215686274509803,0.06262280099814424
3,active,81.60000000000002,2,2,82,84,0.9607843137254902,0.9607843137254902,0.03427483593596424
4,baseline,218.0,22,2,0,0,0.5686274509803921,0.9354838709677419,
4,binary_naive,233.0,27,2,0,0,0.47058823529411764,0.9230769230769231,0.17825509282467514
4,binary,279.0,39,2,0,0,0.23529411764705882,0.8571428571428571,0.14367919643140048
4,state_direct,200.0,16,4,0,0,0.6862745098039216,0.8974358974358975,0.14367919643140048
4,random_acquire,135.0,5,3,120,120,0.9019607843137255,0.9387755102040817,0.0794455718650884
4,always_acquire,101.00000000000001,1,3,120,120,0.9803921568627451,0.9433962264150944,0.02990741832367816
4,eig_one_step,96.00000000000001,2,0,120,120,0.9607843137254902,1.0,0.020136400328033946
4,voi_one_step,79.80000000000001,1,3,82,82,0.9803921568627451,0.9433962264150944,0.029787418913512772
4,active,79.80000000000001,1,3,82,82,0.9803921568627451,0.9433962264150944,0.029787418913512772
5,baseline,241.0,27,2,0,0,0.47058823529411764,0.9230769230769231,
5,binary_naive,239.0,29,2,0,0,0.43137254901960786,0.9166666666666666,0.17674885849714858
5,binary,269.0,36,2,0,0,0.29411764705882354,0.8823529411764706,0.14276950359589488
5,state_direct,198.0,17,2,0,0,0.6666666666666666,0.9444444444444444,0.14276950359589488
5,random_acquire,166.0,9,2,120,120,0.8235294117647058,0.9545454545454546,0.09075213152101684
5,always_acquire,93.00000000000003,2,1,120,120,0.9607843137254902,0.98,0.030135731899790498
5,eig_one_step,90.00000000000003,2,0,120,120,0.9607843137254902,1.0,0.014252897412001706
5,voi_one_step,79.80000000000001,2,1,87,87,0.9607843137254902,0.98,0.028814254759753088
5,active,75.80000000000001,1,1,87,87,0.9803921568627451,0.9803921568627451,0.02082323126047715
6,baseline,228.0,24,3,0,0,0.5294117647058824,0.9,
6,binary_naive,243.0,31,2,0,0,0.39215686274509803,0.9090909090909091,0.1729349937819693
6,binary,262.0,37,1,0,0,0.27450980392156865,0.9333333333333333,0.1405306254202566
6,state_direct,204.0,17,4,0,0,0.6666666666666666,0.8947368421052632,0.1405306254202566
6,random_acquire,173.0,10,3,120,120,0.803921568627451,0.9318181818181818,0.09224914127436125
6,always_acquire,105.00000000000001,2,5,120,120,0.9607843137254902,0.9074074074074074,0.04011837016700947
6,eig_one_step,90.00000000000003,2,0,120,120,0.9607843137254902,1.0,0.024333695402032455
6,voi_one_step,91.40000000000002,2,3,86,86,0.9607843137254902,0.9423076923076923,0.03844720573407334
6,active,90.2,3,1,86,88,0.9411764705882353,0.9795918367346939,0.03291471441526907
7,baseline,225.0,23,3,0,0,0.5490196078431373,0.9032258064516129,
7,binary_naive,233.0,27,2,0,0,0.47058823529411764,0.9230769230769231,0.1739185345793408
7,binary,273.0,37,2,0,0,0.27450980392156865,0.875,0.1617733550502715
7,state_direct,207.0,17,5,0,0,0.6666666666666666,0.8717948717948718,0.1617733550502715
7,random_acquire,190.99999999999994,10,5,120,120,0.803921568627451,0.8913043478260869,0.10041893027217404
7,always_acquire,112.00000000000001,3,4,120,120,0.9411764705882353,0.9230769230769231,0.04603261501388039
7,eig_one_step,92.00000000000003,1,2,120,120,0.9803921568627451,0.9615384615384616,0.02667845185538584
7,voi_one_step,84.00000000000001,2,2,90,90,0.9607843137254902,0.9607843137254902,0.030282085462623107
7,active,80.4,1,2,90,91,0.9803921568627451,0.9615384615384616,0.022035572569170627
8,baseline,245.0,26,4,0,0,0.49019607843137253,0.8620689655172413,
8,binary_naive,253.0,30,3,0,0,0.4117647058823529,0.875,0.1775105874728574
8,binary,273.0,38,1,0,0,0.2549019607843137,0.9285714285714286,0.15438832365183336
8,state_direct,210.0,17,6,0,0,0.6666666666666666,0.85,0.15438832365183336
8,random_acquire,197.99999999999994,11,6,120,120,0.7843137254901961,0.8695652173913043,0.10987078845040447
8,always_acquire,118.0,4,5,120,120,0.9215686274509803,0.9038461538461539,0.05333732856234541
8,eig_one_step,99.00000000000003,3,2,120,120,0.9411764705882353,0.96,0.03352720511271304
8,voi_one_step,90.20000000000002,3,4,83,83,0.9411764705882353,0.9230769230769231,0.050051818925724294
8,active,95.4,4,2,83,86,0.9215686274509803,0.9591836734693877,0.04330118424221658
9,baseline,234.0,26,3,0,0,0.49019607843137253,0.8928571428571429,
9,binary_naive,251.0,33,2,0,0,0.35294117647058826,0.9,0.1718600486621546
9,binary,272.0,39,2,0,0,0.23529411764705882,0.8571428571428571,0.12814469933774134
9,state_direct,193.0,15,3,0,0,0.7058823529411765,0.9230769230769231,0.12814469933774134
9,random_acquire,177.99999999999997,9,2,120,120,0.8235294117647058,0.9545454545454546,0.08361102580202857
9,always_acquire,88.00000000000003,0,2,120,120,1.0,0.9622641509433962,0.017724006593149943
9,eig_one_step,88.00000000000003,0,2,120,120,1.0,0.9622641509433962,0.015866300935592544
9,voi_one_step,73.20000000000002,0,2,83,83,1.0,0.9622641509433962,0.022182866317667936
9,active,73.60000000000001,0,2,83,84,1.0,0.9622641509433962,0.021927376923491396
10,baseline,225.0,24,2,0,0,0.5294117647058824,0.9310344827586207,
10,binary_naive,249.0,32,2,0,0,0.37254901960784315,0.9047619047619048,0.17148764655015533
10,binary,260.0,35,2,0,0,0.3137254901960784,0.8888888888888888,0.12975931990517975
10,state_direct,194.0,16,2,0,0,0.6862745098039216,0.9459459459459459,0.12975931990517975
10,random_acquire,162.0,8,2,120,120,0.8431372549019608,0.9555555555555556,0.07914639749921504
10,always_acquire,89.00000000000003,1,1,120,120,0.9803921568627451,0.9803921568627451,0.020962711882136605
10,eig_one_step,85.00000000000003,0,1,120,120,1.0,0.9807692307692307,0.009590607643408883
10,voi_one_step,84.20000000000002,2,1,83,83,0.9607843137254902,0.98,0.025408882014957845
10,active,71.20000000000002,1,0,83,83,0.9803921568627451,1.0,0.011457229930007954
11,baseline,241.0,27,2,0,0,0.47058823529411764,0.9230769230769231,
11,binary_naive,256.0,30,2,0,0,0.4117647058823529,0.9130434782608695,0.18273859504060536
11,binary,296.0,41,1,0,0,0.19607843137254902,0.9090909090909091,0.1468987433202703
11,state_direct,200.0,16,4,0,0,0.6862745098039216,0.8974358974358975,0.1468987433202703
11,random_acquire,162.0,8,2,120,120,0.8431372549019608,0.9555555555555556,0.08105639554540066
11,always_acquire,92.00000000000003,1,2,120,120,0.9803921568627451,0.9615384615384616,0.018880338591290798
11,eig_one_step,88.00000000000003,0,2,120,120,1.0,0.9622641509433962,0.01888904324315703
11,voi_one_step,77.60000000000002,1,2,84,84,0.9803921568627451,0.9615384615384616,0.02062596720007095
11,active,78.00000000000001,1,2,84,85,0.9803921568627451,0.9615384615384616,0.020436795701967277
12,baseline,239.0,26,2,0,0,0.49019607843137253,0.9259259259259259,
12,binary_naive,243.0,30,2,0,0,0.4117647058823529,0.9130434782608695,0.17514160581362187
12,binary,279.0,39,2,0,0,0.23529411764705882,0.8571428571428571,0.13301938750573647
12,state_direct,197.0,16,3,0,0,0.6862745098039216,0.9210526315789473,0.13301938750573647
12,random_acquire,171.0,8,5,120,120,0.8431372549019608,0.8958333333333334,0.094891271935542
12,always_acquire,89.00000000000003,1,1,120,120,0.9803921568627451,0.9803921568627451,0.021440321982535714
12,eig_one_step,86.00000000000003,1,0,120,120,0.9803921568627451,1.0,0.011157749082410878
12,voi_one_step,78.40000000000002,1,2,86,86,0.9803921568627451,0.9615384615384616,0.02463194075689094
12,active,75.40000000000002,1,1,86,86,0.9803921568627451,0.9803921568627451,0.018013778421674
13,baseline,221.0,23,2,0,0,0.5490196078431373,0.9333333333333333,
13,binary_naive,260.0,33,2,0,0,0.35294117647058826,0.9,0.2008498959472286
13,binary,282.0,40,2,0,0,0.21568627450980393,0.8461538461538461,0.1647698075529974
13,state_direct,215.0,19,5,0,0,0.6274509803921569,0.8648648648648649,0.1647698075529974
13,random_acquire,179.0,10,5,120,120,0.803921568627451,0.8913043478260869,0.11423282994519976
13,always_acquire,116.0,4,4,120,120,0.9215686274509803,0.9215686274509803,0.05457376806518173
13,eig_one_step,120.0,5,2,120,120,0.9019607843137255,0.9583333333333334,0.05001899561148928
13,voi_one_step,92.00000000000001,3,4,85,85,0.9411764705882353,0.9230769230769231,0.04609079638779352
13,active,89.00000000000001,3,3,85,85,0.9411764705882353,0.9411764705882353,0.03947263405257658
14,baseline,237.0,26,2,0,0,0.49019607843137253,0.9259259259259259,
14,binary_naive,254.0,32,2,0,0,0.37254901960784315,0.9047619047619048,0.17521604826910206
14,binary,278.0,39,2,0,0,0.23529411764705882,0.8571428571428571,0.16273561481766732
14,state_direct,215.0,19,5,0,0,0.6274509803921569,0.8648648648648649,0.16273561481766732
14,random_acquire,198.99999999999994,12,5,120,120,0.7647058823529411,0.8863636363636364,0.11246712881353751
14,always_acquire,107.00000000000003,4,3,120,120,0.9215686274509803,0.94,0.042225490975445416
14,eig_one_step,94.00000000000003,3,0,120,120,0.9411764705882353,1.0,0.025938654659273547
14,voi_one_step,92.20000000000002,4,3,83,83,0.9215686274509803,0.94,0.04363984617985553
14,active,88.20000000000002,3,3,83,83,0.9411764705882353,0.9411764705882353,0.035648822680579596
15,baseline,221.0,23,2,0,0,0.5490196078431373,0.9333333333333333,
15,binary_naive,256.0,33,3,0,0,0.35294117647058826,0.8571428571428571,0.17982668929971996
15,binary,266.0,37,2,0,0,0.27450980392156865,0.875,0.13798170590335382
15,state_direct,199.0,15,5,0,0,0.7058823529411765,0.8780487804878049,0.13798170590335382
15,random_acquire,174.0,8,4,120,120,0.8431372549019608,0.9148936170212766,0.08029223153299982
15,always_acquire,94.00000000000003,0,4,120,120,1.0,0.9272727272727272,0.025558707857332406
15,eig_one_step,101.00000000000003,1,3,120,120,0.9803921568627451,0.9433962264150944,0.026957391714594256
15,voi_one_step,78.80000000000001,0,4,82,82,1.0,0.9272727272727272,0.02282354198314741
15,active,75.80000000000001,0,3,82,82,1.0,0.9444444444444444,0.016205379647930472
16,baseline,227.0,25,2,0,0,0.5098039215686274,0.9285714285714286,
16,binary_naive,246.0,31,2,0,0,0.39215686274509803,0.9090909090909091,0.2010294578141415
16,binary,272.0,37,2,0,0,0.27450980392156865,0.875,0.17114482377188725
16,state_direct,217.0,19,6,0,0,0.6274509803921569,0.8421052631578947,0.17114482377188725
16,random_acquire,200.99999999999997,12,6,120,120,0.7647058823529411,0.8666666666666667,0.11943051884223627
16,always_acquire,108.00000000000001,3,5,120,120,0.9411764705882353,0.9056603773584906,0.054815343970738374
16,eig_one_step,103.00000000000001,4,2,120,120,0.9215686274509803,0.9591836734693877,0.04151531936035687
16,voi_one_step,95.60000000000002,4,5,79,79,0.9215686274509803,0.9038461538461539,0.060199637611833126
16,active,88.60000000000002,3,4,79,79,0.9411764705882353,0.9230769230769231,0.04559045177734025
17,baseline,224.0,24,2,0,0,0.5294117647058824,0.9310344827586207,
17,binary_naive,252.0,33,2,0,0,0.35294117647058826,0.9,0.17034838918456033
17,binary,266.0,38,1,0,0,0.2549019607843137,0.9285714285714286,0.13063741989889485
17,state_direct,190.0,15,2,0,0,0.7058823529411765,0.9473684210526315,0.13063741989889485
17,random_acquire,175.0,9,1,120,120,0.8235294117647058,0.9767441860465116,0.08158370251830442
17,always_acquire,92.00000000000003,1,2,120,120,0.9803921568627451,0.9615384615384616,0.024036571029456808
17,eig_one_step,86.00000000000003,1,0,120,120,0.9803921568627451,1.0,0.006954652576600192
17,voi_one_step,75.20000000000002,0,2,88,88,1.0,0.9622641509433962,0.020335038918769675
17,active,69.60000000000001,0,0,88,89,1.0,1.0,0.007460420888989975
18,baseline,225.0,24,2,0,0,0.5294117647058824,0.9310344827586207,
18,binary_naive,249.0,32,2,0,0,0.37254901960784315,0.9047619047619048,0.17961339316831446
18,binary,278.0,39,2,0,0,0.23529411764705882,0.8571428571428571,0.14732285835082917
18,state_direct,202.0,18,2,0,0,0.6470588235294118,0.9428571428571428,0.14732285835082917
18,random_acquire,186.0,11,2,120,120,0.7843137254901961,0.9523809523809523,0.09806512759049
18,always_acquire,86.00000000000003,1,0,120,120,0.9803921568627451,1.0,0.01639476362709256
18,eig_one_step,94.00000000000003,3,0,120,120,0.9411764705882353,1.0,0.024155858808701833
18,voi_one_step,79.60000000000002,3,0,84,84,0.9411764705882353,1.0,0.029147680835304182
18,active,77.60000000000002,1,2,84,84,0.9803921568627451,0.9615384615384616,0.026401958507186185
19,baseline,239.0,27,3,0,0,0.47058823529411764,0.8888888888888888,
19,binary_naive,253.0,32,3,0,0,0.37254901960784315,0.8636363636363636,0.18340827779922142
19,binary,276.0,39,1,0,0,0.23529411764705882,0.9230769230769231,0.1526592451322247
19,state_direct,206.0,16,6,0,0,0.6862745098039216,0.8536585365853658,0.1526592451322247
19,random_acquire,158.0,7,4,120,120,0.8627450980392157,0.9166666666666666,0.09284295414060595
19,always_acquire,108.00000000000001,2,4,120,120,0.9607843137254902,0.9245283018867925,0.03945749496367413
19,eig_one_step,89.00000000000003,1,1,120,120,0.9803921568627451,0.9803921568627451,0.015615215512260581
19,voi_one_step,83.20000000000002,1,4,83,83,0.9803921568627451,0.9259259259259259,0.03870840233892721
19,active,91.0,2,3,83,85,0.9607843137254902,0.9423076923076923,0.038979068861163
