case_id,state,category,quality,semantic_drift,latency_ms,drift_event,initial_action,action,probe,probes_used,cost,expected_cost,belief
case-001,STABLE,math,0.9706788907701058,0.10404810428584631,483.5499298490815,False,INVESTIGATE,ACCEPT,capability_issue,1,0.4,0.5047997085646514,"{""STABLE"": 0.9852618061503361, ""DEGRADED"": 0.004156160202907766, ""TRANSIENT"": 0.00012704767248150598, ""DISTRIBUTION_SHIFT"": 0.010454985974274614}"
case-002,STABLE,safety,0.924914279207167,0.10904880628668999,488.0465862915704,False,INVESTIGATE,ACCEPT,capability_issue,1,0.4,0.5047997085646514,"{""STABLE"": 0.9852618061503361, ""DEGRADED"": 0.004156160202907766, ""TRANSIENT"": 0.00012704767248150598, ""DISTRIBUTION_SHIFT"": 0.010454985974274614}"
case-003,STABLE,code,0.6984554186491414,0.0,314.34487377044553,False,INVESTIGATE,ACCEPT,semantic_drift,1,0.4,2.250697318775832,"{""STABLE"": 0.7059601916924493, ""DEGRADED"": 0.02682301134469399, ""TRANSIENT"": 0.010416788224124195, ""DISTRIBUTION_SHIFT"": 0.25680000873873254}"
case-004,STABLE,instruction,0.8870647916351511,0.15820446336249966,357.3523493879848,False,INVESTIGATE,ACCEPT,capability_issue,1,0.4,0.5047997085646514,"{""STABLE"": 0.9852618061503361, ""DEGRADED"": 0.004156160202907766, ""TRANSIENT"": 0.00012704767248150598, ""DISTRIBUTION_SHIFT"": 0.010454985974274614}"
case-005,STABLE,knowledge,0.9800711903176537,0.04148345383711562,347.53891611215033,False,INVESTIGATE,ACCEPT,capability_issue,1,0.4,0.5047997085646514,"{""STABLE"": 0.9852618061503361, ""DEGRADED"": 0.004156160202907766, ""TRANSIENT"": 0.00012704767248150598, ""DISTRIBUTION_SHIFT"": 0.010454985974274614}"
case-006,STABLE,math,0.9328267845283311,0.23098898327895312,361.4705088506275,False,INVESTIGATE,ACCEPT,capability_issue,1,0.4,0.5047997085646514,"{""STABLE"": 0.9852618061503361, ""DEGRADED"": 0.004156160202907766, ""TRANSIENT"": 0.00012704767248150598, ""DISTRIBUTION_SHIFT"": 0.010454985974274614}"
case-007,STABLE,safety,0.883500679284121,0.08851616087141032,217.59839078866204,False,INVESTIGATE,ACCEPT,capability_issue,1,0.4,0.5047997085646514,"{""STABLE"": 0.9852618061503361, ""DEGRADED"": 0.004156160202907766, ""TRANSIENT"": 0.00012704767248150598, ""DISTRIBUTION_SHIFT"": 0.010454985974274614}"
case-008,STABLE,code,0.8531636380525313,0.0,502.65935269755613,False,INVESTIGATE,ACCEPT,capability_issue,1,0.4,0.5047997085646514,"{""STABLE"": 0.9852618061503361, ""DEGRADED"": 0.004156160202907766, ""TRANSIENT"": 0.00012704767248150598, ""DISTRIBUTION_SHIFT"": 0.010454985974274614}"
case-009,STABLE,instruction,0.8405993396447912,0.05287306059005162,423.1050497039396,False,INVESTIGATE,ACCEPT,capability_issue,1,0.4,0.5047997085646514,"{""STABLE"": 0.9852618061503361, ""DEGRADED"": 0.004156160202907766, ""TRANSIENT"": 0.00012704767248150598, ""DISTRIBUTION_SHIFT"": 0.010454985974274614}"
case-010,STABLE,knowledge,0.8850803584116592,0.0,250.9363469224249,False,INVESTIGATE,ACCEPT,capability_issue,1,0.4,0.5047997085646514,"{""STABLE"": 0.9852618061503361, ""DEGRADED"": 0.004156160202907766, ""TRANSIENT"": 0.00012704767248150598, ""DISTRIBUTION_SHIFT"": 0.010454985974274614}"
case-011,STABLE,math,0.8825222199027518,0.10875204247664502,319.7718960449421,False,INVESTIGATE,ACCEPT,capability_issue,1,0.4,0.5047997085646514,"{""STABLE"": 0.9852618061503361, ""DEGRADED"": 0.004156160202907766, ""TRANSIENT"": 0.00012704767248150598, ""DISTRIBUTION_SHIFT"": 0.010454985974274614}"
case-012,STABLE,safety,0.7739250064132267,0.0,302.54664697521423,False,INVESTIGATE,ACCEPT,capability_issue,1,0.4,0.5047997085646514,"{""STABLE"": 0.9852618061503361, ""DEGRADED"": 0.004156160202907766, ""TRANSIENT"": 0.00012704767248150598, ""DISTRIBUTION_SHIFT"": 0.010454985974274614}"
case-013,STABLE,code,0.9132348781029709,0.15112811815454644,504.3507836521327,False,INVESTIGATE,ACCEPT,capability_issue,1,0.4,0.5047997085646514,"{""STABLE"": 0.9852618061503361, ""DEGRADED"": 0.004156160202907766, ""TRANSIENT"": 0.00012704767248150598, ""DISTRIBUTION_SHIFT"": 0.010454985974274614}"
case-014,STABLE,instruction,0.8657508381424662,0.15748232971758022,519.3184343066401,False,INVESTIGATE,ACCEPT,capability_issue,1,0.4,0.5047997085646514,"{""STABLE"": 0.9852618061503361, ""DEGRADED"": 0.004156160202907766, ""TRANSIENT"": 0.00012704767248150598, ""DISTRIBUTION_SHIFT"": 0.010454985974274614}"
case-015,STABLE,knowledge,0.77790654171951,0.08083412223332549,150.0,False,INVESTIGATE,ACCEPT,capability_issue,1,0.4,0.5047997085646514,"{""STABLE"": 0.9852618061503361, ""DEGRADED"": 0.004156160202907766, ""TRANSIENT"": 0.00012704767248150598, ""DISTRIBUTION_SHIFT"": 0.010454985974274614}"
case-016,DEGRADED,math,0.8448157490481418,0.13436980707573887,377.0764347398083,True,INVESTIGATE,REJECT,capability_issue,1,0.4,0.7833878777666583,"{""STABLE"": 0.10871065608076362, ""DEGRADED"": 0.8625842899570377, ""TRANSIENT"": 0.00015419840002993255, ""DISTRIBUTION_SHIFT"": 0.02855085556216872}"
case-017,DEGRADED,safety,0.8346100719322754,0.09552943589079284,406.1600280293136,True,INVESTIGATE,REJECT,capability_issue,1,0.4,0.7833878777666583,"{""STABLE"": 0.10871065608076362, ""DEGRADED"": 0.8625842899570377, ""TRANSIENT"": 0.00015419840002993255, ""DISTRIBUTION_SHIFT"": 0.02855085556216872}"
case-018,DEGRADED,code,0.8304682412774672,0.09196385621269769,479.9180431513176,True,INVESTIGATE,REJECT,capability_issue,1,0.4,0.7833878777666583,"{""STABLE"": 0.10871065608076362, ""DEGRADED"": 0.8625842899570377, ""TRANSIENT"": 0.00015419840002993255, ""DISTRIBUTION_SHIFT"": 0.02855085556216872}"
case-019,DEGRADED,instruction,0.8626351251656137,0.16031896589095163,455.9954109418177,True,INVESTIGATE,REJECT,capability_issue,1,0.4,0.7833878777666583,"{""STABLE"": 0.10871065608076362, ""DEGRADED"": 0.8625842899570377, ""TRANSIENT"": 0.00015419840002993255, ""DISTRIBUTION_SHIFT"": 0.02855085556216872}"
case-020,DEGRADED,knowledge,0.8847629218333802,0.09854417454802818,396.27161567740063,True,INVESTIGATE,REJECT,capability_issue,1,0.4,0.7833878777666583,"{""STABLE"": 0.10871065608076362, ""DEGRADED"": 0.8625842899570377, ""TRANSIENT"": 0.00015419840002993255, ""DISTRIBUTION_SHIFT"": 0.02855085556216872}"
case-021,DEGRADED,math,0.6314088189813605,0.5102858584163901,817.5178342692107,True,INVESTIGATE,REJECT,capability_issue,1,0.4,0.44066474588776267,"{""STABLE"": 0.011932549589250161, ""DEGRADED"": 0.9844690545007986, ""TRANSIENT"": 0.002329694699890475, ""DISTRIBUTION_SHIFT"": 0.0012687012100608375}"
case-022,DEGRADED,safety,0.527184950855039,0.4931387808373295,248.61073789329623,True,REJECT,REJECT,,0,0.0,0.4739985974293802,"{""STABLE"": 0.10505630985325301, ""DEGRADED"": 0.7941973636016151, ""TRANSIENT"": 0.042662985220642574, ""DISTRIBUTION_SHIFT"": 0.05808334132448929}"
case-023,DEGRADED,code,0.4935862693500699,0.5388869989384429,719.8062727160058,True,INVESTIGATE,REJECT,capability_issue,1,0.4,0.44066474588776267,"{""STABLE"": 0.011932549589250161, ""DEGRADED"": 0.9844690545007986, ""TRANSIENT"": 0.002329694699890475, ""DISTRIBUTION_SHIFT"": 0.0012687012100608375}"
case-024,DEGRADED,instruction,0.49639267636033585,0.31263984355793084,636.040983016065,True,INVESTIGATE,REJECT,semantic_drift,1,0.4,2.136132854874524,"{""STABLE"": 0.12776347778993113, ""DEGRADED"": 0.18905485933391264, ""TRANSIENT"": 0.013520904247581945, ""DISTRIBUTION_SHIFT"": 0.6696607586285743}"
case-025,DEGRADED,knowledge,0.4876625285037556,0.619079141477768,429.9339596576255,True,INVESTIGATE,REJECT,capability_issue,1,0.4,0.44066474588776267,"{""STABLE"": 0.011932549589250161, ""DEGRADED"": 0.9844690545007986, ""TRANSIENT"": 0.002329694699890475, ""DISTRIBUTION_SHIFT"": 0.0012687012100608375}"
case-026,DEGRADED,math,0.5717226951830106,0.47757160088314154,544.7166713445765,True,INVESTIGATE,REJECT,capability_issue,1,0.4,0.44066474588776267,"{""STABLE"": 0.011932549589250161, ""DEGRADED"": 0.9844690545007986, ""TRANSIENT"": 0.002329694699890475, ""DISTRIBUTION_SHIFT"": 0.0012687012100608375}"
case-027,STABLE,safety,0.9001007145675733,0.3988304104395651,313.0470834137574,False,REJECT,REJECT,,0,3.0,2.3296740708349515,"{""STABLE"": 0.33588461583192863, ""DEGRADED"": 0.0020560300331789907, ""TRANSIENT"": 0.002098484930619265, ""DISTRIBUTION_SHIFT"": 0.6599608692042732}"
case-028,STABLE,code,0.9061769635849246,0.17365101813371753,626.8808693095484,False,INVESTIGATE,ACCEPT,capability_issue,1,0.4,0.5047997085646514,"{""STABLE"": 0.9852618061503361, ""DEGRADED"": 0.004156160202907766, ""TRANSIENT"": 0.00012704767248150598, ""DISTRIBUTION_SHIFT"": 0.010454985974274614}"
case-029,STABLE,instruction,0.8508961539324509,0.03195867028344395,329.7239188388898,False,INVESTIGATE,ACCEPT,capability_issue,1,0.4,0.5047997085646514,"{""STABLE"": 0.9852618061503361, ""DEGRADED"": 0.004156160202907766, ""TRANSIENT"": 0.00012704767248150598, ""DISTRIBUTION_SHIFT"": 0.010454985974274614}"
case-030,STABLE,knowledge,0.6451423743991123,0.37326805728612644,569.6269865192774,False,INVESTIGATE,ACCEPT,capability_issue,1,0.4,0.9022793686203999,"{""STABLE"": 0.9381690443132592, ""DEGRADED"": 0.04114917426516743, ""TRANSIENT"": 0.016651531280357006, ""DISTRIBUTION_SHIFT"": 0.004030250141216263}"
case-031,TRANSIENT,math,0.6513930084601038,0.3437473313547767,1173.102585818991,True,REJECT,REJECT,,0,1.0,1.226031041280062,"{""STABLE"": 0.10879960032242465, ""DEGRADED"": 0.021644621836782937, ""TRANSIENT"": 0.8394793153687967, ""DISTRIBUTION_SHIFT"": 0.03007646247199557}"
case-032,TRANSIENT,safety,0.6436302759547156,0.30242688544352325,914.8102372870409,True,REJECT,REJECT,,0,1.0,1.0435669618262169,"{""STABLE"": 0.020216709763328764, ""DEGRADED"": 0.008043835387528689, ""TRANSIENT"": 0.9605620771620544, ""DISTRIBUTION_SHIFT"": 0.01117737768708806}"
case-033,TRANSIENT,code,0.6038766030779535,0.36990850823256355,1023.5709630148779,True,REJECT,REJECT,,0,1.0,1.0435669618262169,"{""STABLE"": 0.020216709763328764, ""DEGRADED"": 0.008043835387528689, ""TRANSIENT"": 0.9605620771620544, ""DISTRIBUTION_SHIFT"": 0.01117737768708806}"
case-034,TRANSIENT,instruction,0.6712344950470099,0.05696602204643497,1029.4061631377306,True,REJECT,REJECT,,0,1.0,1.0128239952074307,"{""STABLE"": 0.005950816358255471, ""DEGRADED"": 0.0023677140230823793, ""TRANSIENT"": 0.9883913931046602, ""DISTRIBUTION_SHIFT"": 0.003290076514002021}"
case-035,TRANSIENT,knowledge,0.6964090349347815,0.21900294934437908,1178.392701094904,True,REJECT,REJECT,,0,1.0,1.0604372869595118,"{""STABLE"": 0.028045175475334787, ""DEGRADED"": 0.011158629548471355, ""TRANSIENT"": 0.9452906294188802, ""DISTRIBUTION_SHIFT"": 0.01550556555731361}"
case-036,STABLE,math,0.7959106949335074,0.09323512335524085,169.82153133706245,False,INVESTIGATE,ACCEPT,capability_issue,1,0.4,0.5047997085646514,"{""STABLE"": 0.9852618061503361, ""DEGRADED"": 0.004156160202907766, ""TRANSIENT"": 0.00012704767248150598, ""DISTRIBUTION_SHIFT"": 0.010454985974274614}"
case-037,DISTRIBUTION_SHIFT,safety,0.7136694544730605,0.2807028449610162,421.13123413804067,True,INVESTIGATE,ACCEPT,capability_issue,1,6.4,0.5047997085646514,"{""STABLE"": 0.9852618061503361, ""DEGRADED"": 0.004156160202907766, ""TRANSIENT"": 0.00012704767248150598, ""DISTRIBUTION_SHIFT"": 0.010454985974274614}"
case-038,DISTRIBUTION_SHIFT,code,0.7891608353348849,0.4829293927585915,382.0420817454109,True,REJECT,REJECT,,0,2.0,2.3296740708349515,"{""STABLE"": 0.33588461583192863, ""DEGRADED"": 0.0020560300331789907, ""TRANSIENT"": 0.002098484930619265, ""DISTRIBUTION_SHIFT"": 0.6599608692042732}"
case-039,DISTRIBUTION_SHIFT,instruction,0.6928276873796483,0.30790443485165836,367.55569334220115,True,REJECT,REJECT,,0,2.0,1.7443513649951636,"{""STABLE"": 0.024239561895890594, ""DEGRADED"": 0.13502229950100136, ""TRANSIENT"": 0.0098435978987245, ""DISTRIBUTION_SHIFT"": 0.8308945407043836}"
case-040,DISTRIBUTION_SHIFT,knowledge,0.807854171077349,0.3144487809859825,532.8555578294033,True,REJECT,REJECT,,0,2.0,2.3296740708349515,"{""STABLE"": 0.33588461583192863, ""DEGRADED"": 0.0020560300331789907, ""TRANSIENT"": 0.002098484930619265, ""DISTRIBUTION_SHIFT"": 0.6599608692042732}"
case-041,DISTRIBUTION_SHIFT,math,0.7555793243081519,0.17638199718785252,416.9158684770789,True,INVESTIGATE,ACCEPT,capability_issue,1,6.4,0.5047997085646514,"{""STABLE"": 0.9852618061503361, ""DEGRADED"": 0.004156160202907766, ""TRANSIENT"": 0.00012704767248150598, ""DISTRIBUTION_SHIFT"": 0.010454985974274614}"
case-042,STABLE,safety,0.7354445206460718,0.12816328805427596,517.6164033374964,False,INVESTIGATE,ACCEPT,capability_issue,1,0.4,0.5047997085646514,"{""STABLE"": 0.9852618061503361, ""DEGRADED"": 0.004156160202907766, ""TRANSIENT"": 0.00012704767248150598, ""DISTRIBUTION_SHIFT"": 0.010454985974274614}"
case-043,TRANSIENT,code,0.42839392096681195,0.10415003357660443,894.6184794967595,True,REJECT,REJECT,,0,1.0,0.8038886652799877,"{""STABLE"": 0.0236912911076105, ""DEGRADED"": 0.2827891106197438, ""TRANSIENT"": 0.654224404588135, ""DISTRIBUTION_SHIFT"": 0.039295193684510586}"
case-044,TRANSIENT,instruction,0.6078160749602171,0.2678759571879721,1110.3586843803307,True,REJECT,REJECT,,0,1.0,1.0128239952074307,"{""STABLE"": 0.005950816358255471, ""DEGRADED"": 0.0023677140230823793, ""TRANSIENT"": 0.9883913931046602, ""DISTRIBUTION_SHIFT"": 0.003290076514002021}"
case-045,STABLE,knowledge,0.9978840174579577,0.08818967344057099,389.8833636855597,False,INVESTIGATE,ACCEPT,capability_issue,1,0.4,0.5047997085646514,"{""STABLE"": 0.9852618061503361, ""DEGRADED"": 0.004156160202907766, ""TRANSIENT"": 0.00012704767248150598, ""DISTRIBUTION_SHIFT"": 0.010454985974274614}"
case-046,STABLE,math,0.9632629917384191,0.04434133709657692,642.1945268676534,False,INVESTIGATE,ACCEPT,capability_issue,1,0.4,0.5047997085646514,"{""STABLE"": 0.9852618061503361, ""DEGRADED"": 0.004156160202907766, ""TRANSIENT"": 0.00012704767248150598, ""DISTRIBUTION_SHIFT"": 0.010454985974274614}"
case-047,STABLE,safety,0.9695953027267946,0.013133733623938368,425.72351151632336,False,INVESTIGATE,ACCEPT,capability_issue,1,0.4,0.5047997085646514,"{""STABLE"": 0.9852618061503361, ""DEGRADED"": 0.004156160202907766, ""TRANSIENT"": 0.00012704767248150598, ""DISTRIBUTION_SHIFT"": 0.010454985974274614}"
case-048,STABLE,code,0.7931609715689797,0.03584935392464387,332.05493273149983,False,ACCEPT,ACCEPT,,0,0.0,0.23119532277776406,"{""STABLE"": 0.962509268152952, ""DEGRADED"": 0.0031913642240459957, ""TRANSIENT"": 0.00325726260035373, ""DISTRIBUTION_SHIFT"": 0.0310421050226482}"
case-049,STABLE,instruction,0.867404180340914,0.24010156668132837,389.57663751284815,False,INVESTIGATE,ACCEPT,capability_issue,1,0.4,0.5047997085646514,"{""STABLE"": 0.9852618061503361, ""DEGRADED"": 0.004156160202907766, ""TRANSIENT"": 0.00012704767248150598, ""DISTRIBUTION_SHIFT"": 0.010454985974274614}"
case-050,STABLE,knowledge,1.0,0.14308538491969403,520.3628617223043,False,INVESTIGATE,ACCEPT,capability_issue,1,0.4,0.5047997085646514,"{""STABLE"": 0.9852618061503361, ""DEGRADED"": 0.004156160202907766, ""TRANSIENT"": 0.00012704767248150598, ""DISTRIBUTION_SHIFT"": 0.010454985974274614}"
